name,age,address,subject,Id
John Doe,20,123 Main St,Math,101
Jane Smith,22,456 Maple Ave,Science,102
Emily Johnson,21,789 Oak Dr,History,103
Michael Brown,23,101 Pine St,English,104
Jessica Davis,20,202 Birch Rd,Art,105
Daniel Wilson,22,303 Cedar Ln,Music,106
Laura Martinez,21,404 Elm St,Physics,107
David Anderson,23,505 Spruce St,Chemistry,108
Sarah Thomas,20,606 Fir St,Biology,109
James Jackson,22,707 Willow St,Geography,110
Linda White,21,808 Maple St,History,111
Robert Harris,23,909 Oak St,Math,112
Patricia Clark,20,1010 Pine St,Science,113
Charles Lewis,22,1111 Birch Rd,Art,114
Barbara Walker,21,1212 Cedar Ln,Music,115
Thomas Hall,23,1313 Elm St,Physics,116
